Nome o marchio,Categoria,Attivo
Clifford Chance,Grande studio legale,SI
A&O Shearman,Grande studio legale,SI
Allen & Overy,Grande studio legale,SI
Linklaters,Grande studio legale,SI
Freshfields,Grande studio legale,SI
Slaughter and May,Grande studio legale,SI
Baker McKenzie,Grande studio legale,SI
DLA Piper,Grande studio legale,SI
CMS,Grande studio legale,SI
Dentons,Grande studio legale,SI
Hogan Lovells,Grande studio legale,SI
Herbert Smith Freehills,Grande studio legale,SI
Norton Rose Fulbright,Grande studio legale,SI
Eversheds Sutherland,Grande studio legale,SI
Pinsent Masons,Grande studio legale,SI
Addleshaw Goddard,Grande studio legale,SI
Ashurst,Grande studio legale,SI
White & Case,Grande studio legale,SI
Simmons & Simmons,Grande studio legale,SI
Bird & Bird,Grande studio legale,SI
Osborne Clarke,Grande studio legale,SI
Squire Patton Boggs,Grande studio legale,SI
Kirkland & Ellis,Grande studio legale,SI
Latham & Watkins,Grande studio legale,SI
Skadden,Grande studio legale,SI
Sullivan & Cromwell,Grande studio legale,SI
Cleary Gottlieb,Grande studio legale,SI
Jones Day,Grande studio legale,SI
Gibson Dunn,Grande studio legale,SI
Mayer Brown,Grande studio legale,SI
Reed Smith,Grande studio legale,SI
King & Spalding,Grande studio legale,SI
Kennedys,Grande studio legale,SI
Clyde & Co,Grande studio legale,SI
DWF,Grande studio legale,SI
Fieldfisher,Grande studio legale,SI
Taylor Wessing,Grande studio legale,SI
Gowling WLG,Grande studio legale,SI
Irwin Mitchell,Grande studio legale,SI
Slater and Gordon,Grande studio legale,SI
Shoosmiths,Grande studio legale,SI
Weightmans,Grande studio legale,SI
Browne Jacobson,Grande studio legale,SI
Mishcon de Reya,Grande studio legale,SI
Withers,Grande studio legale,SI
Macfarlanes,Grande studio legale,SI
Travers Smith,Grande studio legale,SI
Stephenson Harwood,Grande studio legale,SI
Garrigues,Grande studio legale,SI
Uría Menéndez,Grande studio legale,SI
Cuatrecasas,Grande studio legale,SI
Pérez-Llorca,Grande studio legale,SI
Gómez-Acebo & Pombo,Grande studio legale,SI
Ontier,Grande studio legale,SI
PLMJ,Grande studio legale,SI
Morais Leitão,Grande studio legale,SI
Vieira de Almeida,Grande studio legale,SI
Abreu Advogados,Grande studio legale,SI
NautaDutilh,Grande studio legale,SI
De Brauw,Grande studio legale,SI
Loyens & Loeff,Grande studio legale,SI
Stibbe,Grande studio legale,SI
Houthoff,Grande studio legale,SI
Lenz & Staehelin,Grande studio legale,SI
Bär & Karrer,Grande studio legale,SI
Homburger,Grande studio legale,SI
Walder Wyss,Grande studio legale,SI
Wolf Theiss,Grande studio legale,SI
Schoenherr,Grande studio legale,SI
Kinstellar,Grande studio legale,SI
Arthur Cox,Grande studio legale,SI
Matheson,Grande studio legale,SI
A&L Goodbody,Grande studio legale,SI
McCann FitzGerald,Grande studio legale,SI
William Fry,Grande studio legale,SI
Mason Hayes & Curran,Grande studio legale,SI
Wardyński,Grande studio legale,SI
SK&S,Grande studio legale,SI
Sołtysiński Kawecki & Szlęzak,Grande studio legale,SI
Domański Zakrzewski Palinka,Grande studio legale,SI
Mannheimer Swartling,Grande studio legale,SI
Vinge,Grande studio legale,SI
Setterwalls,Grande studio legale,SI
Kromann Reumert,Grande studio legale,SI
Gorrissen Federspiel,Grande studio legale,SI
Plesner,Grande studio legale,SI
Wikborg Rein,Grande studio legale,SI
Thommessen,Grande studio legale,SI
Wiersholm,Grande studio legale,SI
BAHR,Grande studio legale,SI
Hannes Snellman,Grande studio legale,SI
Roschier,Grande studio legale,SI
Castrén & Snellman,Grande studio legale,SI
Ellex,Grande studio legale,SI
Sorainen,Grande studio legale,SI
TGS Baltic,Grande studio legale,SI
Cobalt,Grande studio legale,SI
Elvinger Hoss,Grande studio legale,SI
Arendt & Medernach,Grande studio legale,SI
Koutalidis,Grande studio legale,SI
Kyriakides Georgopoulos,Grande studio legale,SI
Ganado Advocates,Grande studio legale,SI
Mamo TCV,Grande studio legale,SI
Karanovic & Partners,Grande studio legale,SI
BDK Advokati,Grande studio legale,SI
Divjak Topić Bahtijarević,Grande studio legale,SI
Lakatos Köves,Grande studio legale,SI
Oppenheim,Grande studio legale,SI
Havel & Partners,Grande studio legale,SI
Kocián Šolc Balaštík,Grande studio legale,SI
Țuca Zbârcea,Grande studio legale,SI
Nestor Nestor Diculescu Kingston Petersen,Grande studio legale,SI
Djingov Gouginski Kyutchukov,Grande studio legale,SI
Tsvetkova Bebov,Grande studio legale,SI
Deloitte,Big Four / consulenza,SI
PwC,Big Four / consulenza,SI
PricewaterhouseCoopers,Big Four / consulenza,SI
EY,Big Four / consulenza,SI
Ernst & Young,Big Four / consulenza,SI
KPMG,Big Four / consulenza,SI
BDO,Big Four / consulenza,SI
Grant Thornton,Big Four / consulenza,SI
Mazars,Big Four / consulenza,SI
Forvis Mazars,Big Four / consulenza,SI
RSM,Big Four / consulenza,SI
Accenture,Big Four / consulenza,SI
McKinsey,Big Four / consulenza,SI
